{"train_loss": 0.07663406431674957, "learning_rate": 6.9995680860301945e-06, "epoch": 1, "trainer/global_step": 319, "_timestamp": 1753425467.3888555, "_runtime": 139.1058394908905, "_step": 16, "val_accuracy": 0.959590494632721, "val_precision": 0.8576051592826843, "val_recall": 0.5086372494697571, "val_f1": 0.6385542154312134, "val_auc_class_0": 0.8960861563682556, "val_mAP": 0.20702128112316132, "val_mean_auc": 0.7057942152023315, "val_s_score": 0.6762469410896301, "_wandb": {"runtime": 142}}